Ref,x,y,Connectivity,Point First Moment,Point Second Moment,Visual Clustering Coefficient,Visual Control,Visual Controllability
65537,0.5,0.5,136,599.54224,3112,0.99531591,0.91493529,0.66666669
65538,0.5,1,137,557.74261,2704.25,0.98722625,0.92286301,0.67156863
65539,0.5,1.5,140,541.10016,2535.75,0.95118189,0.9543485,0.53231937
65540,0.5,2,142,519.82452,2318.75,0.93447208,0.97027671,0.53992397
65541,0.5,2.5,145,514.56256,2239.25,0.90919542,0.99220604,0.5513308
65542,0.5,3,145,494.3938,2058.75,0.91101533,0.99045873,0.5513308
65543,0.5,3.5,154,545.65057,2412.5,0.84593838,1.0679227,0.58555132
65544,0.5,4,158,576.12799,2672.5,0.81955981,1.1058737,0.60076046
65545,0.5,4.5,161,606.28497,2934,0.80209625,1.1303352,0.6121673
65546,0.5,5,162,630.23663,3168,0.79717815,1.1366153,0.62068963
65547,0.5,5.5,161,648.47552,3382.5,0.80302793,1.12617,0.61923075
65548,0.5,6,161,684.23944,3767.25,0.80295032,1.1263443,0.62645912
65549,0.5,6.5,160,718.12793,4128.75,0.80668241,1.1183002,0.62256807
65550,0.5,7,156,730.7854,4299,0.83010751,1.0850891,0.609375
65551,0.5,7.5,152,744.71539,4447,0.85752875,1.0504396,0.59842521
131073,1,0.5,136,568.75238,2866.75,0.99531591,0.91493529,0.66666669
131074,1,1,136,518.58942,2422.5,0.99531591,0.91493529,0.66666669
131075,1,1.5,140,504.83273,2274,0.95015419,0.95554715,0.53231937
131076,1,2,141,474.17123,1994.25,0.94346505,0.96287382,0.53612167
131077,1,2.5,144,464.32559,1866.25,0.91831779,0.9818489,0.54752851
131078,1,3,145,451.36343,1750.75,0.91101533,0.99045873,0.5513308
131079,1,3.5,155,506.20587,2117,0.83879346,1.0781687,0.58935362
131080,1,4,159,534.80609,2348,0.81323141,1.1154374,0.60456276
131081,1,4.5,163,569.35712,2616.75,0.79163826,1.1460471,0.62213743
131082,1,5,161,574.43304,2721.25,0.80225158,1.1281531,0.61685824
131083,1,5.5,163,617.17902,3121,0.79178977,1.1432532,0.62692308
131084,1,6,160,632.53394,3336,0.8062107,1.119277,0.62256807
131085,1,6.5,159,665.20258,3650.75,0.81203723,1.1110394,0.61867702
131086,1,7,153,663.15344,3675,0.8501032,1.0595735,0.59765625
131087,1,7.5,153,710.46649,4064,0.84709322,1.0641525,0.61199999
196609,1.5,0.5,136,546.0036,2690,0.99531591,0.91493529,0.66666669
196610,1.5,1,136,494.13019,2245.75,0.99531591,0.91493529,0.66666669
196611,1.5,1.5,138,462.94403,1970.5,0.97334182,0.93661451,0.52471483
196612,1.5,2,142,452.10669,1840.5,0.9313755,0.97542375,0.53992397
196613,1.5,2.5,144,433.07806,1649.25,0.91627818,0.98473352,0.54752851
196614,1.5,3,145,418.24612,1515.75,0.91101533,0.99045873,0.5513308
196615,1.5,3.5,156,475.29306,1874.75,0.83200991,1.0874693,0.59315592
196616,1.5,4,161,507.80322,2111.25,0.80186337,1.1326133,0.6121673
196617,1.5,4.5,164,534.86469,2319.75,0.78647316,1.1532551,0.62595421
196618,1.5,5,165,563.40802,2603,0.78181821,1.1624235,0.63218391
196619,1.5,5.5,164,586.1955,2848.25,0.78647316,1.1532207,0.63076925
196620,1.5,6,161,601.65942,3037,0.80062109,1.1276594,0.62645912
196621,1.5,6.5,155,597.93866,3059.75,0.83669877,1.0765007,0.60546875
196622,1.5,7,154,633.7337,3349.5,0.83999658,1.0730444,0.60629922
196623,1.5,7.5,147,636.38354,3433.75,0.88351506,1.0166805,0.597561
262145,2,0.5,136,531.87177,2581.75,0.99531591,0.91493529,0.66666669
262146,2,1,136,478.94049,2137.5,0.99531591,0.91493529,0.66666669
262147,2,1.5,136,433.17166,1761.75,0.99531591,0.91493529,0.66666669
262148,2,2,140,419.7435,1610.75,0.95118189,0.9543485,0.53231937
262149,2,2.5,143,405.63129,1457,0.92534226,0.97699261,0.54372627
262150,2,3,145,395.90051,1353.75,0.91101533,0.99045873,0.5513308
262151,2,3.5,157,453.79773,1689.25,0.82549405,1.0962057,0.59695816
262152,2,4,162,484.14587,1895.5,0.79625797,1.1411262,0.6159696
262153,2,4.5,165,512.77911,2123.75,0.78078341,1.1634926,0.62977099
262154,2,5,165,535.91504,2363,0.78100514,1.1614363,0.63461536
262155,2,5.5,162,545.62903,2503.75,0.79495436,1.1365218,0.63035017
262156,2,6,156,538.36182,2506.75,0.83010751,1.0850891,0.609375
262157,2,6.5,155,568.54285,2749.5,0.83317971,1.0818583,0.61023623
262158,2,7,147,561.56091,2759.25,0.88351506,1.0166805,0.597561
262159,2,7.5,147,617.56952,3247.75,0.88248998,1.0174072,0.60493827
327681,2.5,0.5,135,522.43359,2524,1,0.90855175,0.66176468
327682,2.5,1,136,473.34894,2097.75,0.99531591,0.91493529,0.66666669
327683,2.5,1.5,136,427.22308,1722,0.99531591,0.91493529,0.66666669
327684,2.5,2,139,406.89413,1529.5,0.96027523,0.94916666,0.52851713
327685,2.5,2.5,142,390.64963,1354,0.93447208,0.97027665,0.53992397
327686,2.5,3,146,391.92917,1316,0.90014172,1.003006,0.5551331
327687,2.5,3.5,158,442.18314,1564,0.81923729,1.1045105,0.60076046
327688,2.5,4,166,489.18024,1864.5,0.77568454,1.1760694,0.63117874
327689,2.5,4.5,170,525.14954,2143.5,0.75732684,1.2089868,0.64885497
327690,2.5,5,167,529.18793,2242.5,0.77108431,1.1796637,0.6423077
327691,2.5,5.5,160,515.18237,2229,0.80597484,1.1199282,0.62256807
327692,2.5,6,156,517.98566,2271,0.82663357,1.0905951,0.61417323
327693,2.5,6.5,148,508.88733,2279,0.87414968,1.0266274,0.60162604
327694,2.5,7,147,550.06873,2630.75,0.88127851,1.0186875,0.60743803
327695,2.5,7.5,145,593.18628,3029.25,0.8967433,1.0025707,0.61702126
393217,3,0.5,135,526.62494,2555.5,1,0.90855175,0.66176468
393218,3,1,135,473.93579,2114,1,0.90855175,0.66176468
393219,3,1.5,136,431.56497,1750.75,0.99531591,0.91493535,0.66666669
393220,3,2,136,393.4754,1443.5,0.99531591,0.91493535,0.66666669
393221,3,2.5,142,394.11588,1371,0.9313755,0.97542375,0.53992397
393222,3,3,146,391.66751,1293.25,0.90014172,1.003006,0.5551331
393223,3,3.5,160,447.27429,1547,0.80738991,1.1218058,0.608365
393224,3,4,169,497.56467,1848.75,0.76148212,1.2020057,0.64258558
393225,3,4.5,172,527.21399,2079.25,0.74860603,1.2241156,0.65900385
393226,3,5,163,500.26517,2000.75,0.78929031,1.1457341,0.63424122
393227,3,5.5,158,492.323,1988.25,0.81423849,1.1077037,0.6171875
393228,3,6,148,466.68762,1891.5,0.87414968,1.0266274,0.60162604
393229,3,6.5,147,501.17938,2189.5,0.87950796,1.0203445,0.60743803
393230,3,7,143,525.20612,2445.5,0.91401559,0.98476553,0.60851061
393231,3,7.5,143,579.61176,2908,0.91214418,0.98745507,0.6111111
458753,3.5,0.5,135,539.74792,2655,1,0.90855175,0.66176468
458754,3.5,1,135,488.02753,2213.5,1,0.90855175,0.66176468
458755,3.5,1.5,135,443.28421,1840,1,0.90855175,0.66176468
458756,3.5,2,136,408.63974,1540.75,0.99531591,0.91493535,0.66666669
458757,3.5,2.5,141,403.90469,1433,0.9383992,0.96809787,0.53612167
458758,3.5,3,147,408.33627,1376.5,0.8894791,1.0155526,0.55893534
458759,3.5,3.5,163,466.04404,1606.25,0.79088086,1.1474931,0.61977184
458760,3.5,4,177,540.36517,2026.25,0.72919875,1.2715086,0.67300379
458761,3.5,4.5,171,524.04578,1995.5,0.75245959,1.2143209,0.65769231
458762,3.5,5,162,494.07764,1878.75,0.79050684,1.1432499,0.6328125
458763,3.5,5.5,149,448.68222,1675.25,0.86504626,1.0365739,0.60569108
458764,3.5,6,146,465.664,1863.5,0.88719887,1.0122334,0.60330576
458765,3.5,6.5,144,494.26492,2132.25,0.90200078,0.99750364,0.61276597
458766,3.5,7,141,525.89417,2451.25,0.92674774,0.97148955,0.6025641
458767,3.5,7.5,140,572.80054,2871.25,0.93823224,0.96123481,0.60869563
524289,4,0.5,135,561.50629,2822.5,1,0.90855175,0.66176468
524290,4,1,135,511.41718,2381,1,0.90855175,0.66176468
524291,4,1.5,135,468.05273,2007.5,1,0.90855175,0.66176468
524292,4,2,135,431.99527,1702,1,0.90855175,0.66176468
524293,4,2.5,136,405.42087,1467.75,0.99531591,0.91493535,0.66666669
524294,4,3,147,429.6304,1495.5,0.8894791,1.0155526,0.55893534
524295,4,3.5,170,512.72382,1823.75,0.75704837,1.2083695,0.64638782
524296,4,4,183,576.28809,2149.25,0.70858103,1.3243657,0.69581747
524297,4,4.5,170,529.63409,1971.5,0.75085276,1.213811,0.66147858
524298,4,5,150,450.25818,1606.25,0.85592842,1.0468228,0.60975611
524299,4,5.5,145,449.23105,1676.25,0.89252871,1.0067258,0.61702126
524300,4,6,141,463.16846,1862.75,0.92674774,0.97148955,0.6025641
524301,4,6.5,140,495.39142,2154.75,0.93720454,0.96309853,0.60869563
524302,4,7,138,530.08643,2493,0.95990694,0.94234133,0.60000002
524303,4,7.5,138,581.0235,2944.75,0.95948374,0.94335335,0.61883408
589825,4.5,0.5,135,591.34436,3058,1,0.90855175,0.66176468
589826,4.5,1,135,543.51263,2616.5,1,0.90855175,0.66176468
589827,4.5,1.5,135,502.00888,2243,1,0.90855175,0.66176468
589828,4.5,2,135,467.40485,1937.5,1,0.90855175,0.66176468
589829,4.5,2.5,135,440.08566,1700,1,0.90855175,0.66176468
589830,4.5,3,148,465.20462,1706.75,0.87865418,1.0280986,0.56273764
589831,4.5,3.5,184,590.28778,2180,0.70557141,1.3307245,0.69961977
589832,4.5,4,192,623.6402,2321.25,0.67871946,1.4125513,0.73003805
589833,4.5,4.5,153,475.82391,1694.25,0.82920539,1.0795701,0.62195122
589834,4.5,5,142,448.45255,1642.5,0.91489363,0.9833042,0.60683763
589835,4.5,5.5,139,458.62225,1781.75,0.94682515,0.95415819,0.60434783
589836,4.5,6,138,483.67218,2020,0.95853168,0.94387013,0.6160714
589837,4.5,6.5,137,514.66162,2316.25,0.97176898,0.93205255,0.61160713
589838,4.5,7,136,551.07513,2665.75,0.98562092,0.92023414,0.60986549
589839,4.5,7.5,135,592.33411,3065,1,0.90855175,0.66176468
655367,5,3.5,200,658.27625,2463.75,0.65100503,1.4993627,0.76045626
720897,5.5,0.5,86,318.61365,1477.25,0.72612858,0.81114638,0.32699621
720898,5.5,1,85,288.07428,1249,0.71680671,0.79774767,0.32319391
720899,5.5,1.5,85,265.78299,1060.25,0.7019608,0.78834718,0.32319391
720900,5.5,2,90,273.56177,1036.5,0.6334582,0.82427198,0.34220532
720901,5.5,2.5,101,317.67453,1227.75,0.59445542,0.86749029,0.38403043
720902,5.5,3,139,472.13483,1902,0.63632572,1.0864472,0.52851713
720903,5.5,3.5,158,543.77203,2159.25,0.63533014,1.2039027,0.60076046
720905,5.5,4.5,65,183.16913,596.25,0.94230771,0.77892435,0.38011697
720906,5.5,5,69,184.08275,580.75,0.8678602,0.81774467,0.38547486
720907,5.5,5.5,71,186.57536,595.75,0.84305835,0.83571762,0.38378379
720908,5.5,6,77,216.5379,764.5,0.79425836,0.886823,0.39690721
720909,5.5,6.5,78,234.2428,906.5,0.80019981,0.89167416,0.38999999
720910,5.5,7,80,263.55499,1119.5,0.78417724,0.90939128,0.39215687
720911,5.5,7.5,82,297.32288,1356.5,0.77747667,0.924954,0.40196079
786433,6,0.5,93,337.49658,1579.5,0.66082281,0.8677761,0.35361215
786434,6,1,93,309.59674,1368.5,0.65451145,0.86415666,0.35361215
786435,6,1.5,101,328.0582,1411,0.60336632,0.92453682,0.38403043
786436,6,2,105,337.24664,1439.5,0.59084249,0.9295004,0.39923954
786437,6,2.5,125,423.53369,1847,0.58683872,1.0499768,0.47528517
786438,6,3,125,412.44818,1695,0.64580643,1.0018209,0.47528517
786439,6,3.5,127,415.1524,1610.25,0.62279713,1.0053941,0.48288974
786441,6,4.5,67,169.17172,499,0.89552242,0.79975164,0.38285714
786442,6,5,71,168.99947,485.25,0.84305835,0.83571762,0.38378379
786443,6,5.5,79,198.19147,634.25,0.77766961,0.90471727,0.39500001
786444,6,6,80,209.87576,735.75,0.78417724,0.90939128,0.39215687
786445,6,6.5,84,242.0509,943.5,0.76190478,0.94385904,0.40975609
786446,6,7,83,255.99768,1062.5,0.77196592,0.9336282,0.40487805
786447,6,7.5,84,286.72388,1277.25,0.76936316,0.94111449,0.40975609
851969,6.5,0.5,98,352.41107,1675.25,0.6353882,0.8970542,0.37262356
851970,6.5,1,101,340.65662,1571.75,0.62138611,0.91641057,0.38403043
851971,6.5,1.5,109,363.36551,1676,0.58715594,0.98088294,0.41444868
851972,6.5,2,124,427.86676,2014.25,0.57054812,1.0793172,0.4714829
851973,6.5,2.5,127,424.9599,1897,0.59567553,1.0805858,0.48288974
851974,6.5,3,126,400.6384,1622.5,0.60000002,1.0689183,0.47908744
851975,6.5,3.5,118,370.25104,1425.25,0.59930468,0.97576058,0.4486692
851977,6.5,4.5,72,167.61946,454,0.82433492,0.84622252,0.38918918
851978,6.5,5,83,198.05182,586.25,0.75139582,0.94007921,0.40686274
851979,6.5,5.5,85,206.28482,657,0.75574231,0.95269477,0.41463414
851980,6.5,6,87,222.31915,775.5,0.74766105,0.96948242,0.41037735
851981,6.5,6.5,86,231.32698,864.5,0.75786597,0.95850223,0.40566039
851982,6.5,7,84,241.93341,962.75,0.77395296,0.93884629,0.39622641
851983,6.5,7.5,84,268.50055,1144.75,0.77510041,0.93837613,0.3943662
917505,7,0.5,100,364.02847,1818.25,0.6258586,0.89281189,0.38022813
917506,7,1,103,354.11557,1744.25,0.61831337,0.91639435,0.39163497
917507,7,1.5,117,413.86633,2103.5,0.59224874,1.0132511,0.44486693
917508,7,2,120,407.36639,1973,0.60518205,1.0372983,0.45627376
917509,7,2.5,129,423.86743,1887.25,0.59035856,1.1156441,0.49049431
917510,7,3,127,395.62308,1604.25,0.58617675,1.117204,0.48288974
917511,7,3.5,136,426.74039,1670.5,0.52875817,1.2149653,0.51711029
917513,7,4.5,96,233.4366,663.75,0.69956142,1.0556486,0.44444445
917514,7,5,92,218.66074,644.25,0.72551364,1.014207,0.42592594
917515,7,5.5,90,213.59244,668,0.73707867,0.99518228,0.41666666
917516,7,6,86,204.55573,673.75,0.76196992,0.95735925,0.39814815
917517,7,6.5,84,207.95465,725.25,0.77510041,0.93914193,0.3888889
917518,7,7,82,218.57132,817.5,0.78922009,0.92106503,0.37962964
917519,7,7.5,81,238.81938,950.75,0.79691356,0.91206491,0.375
983041,7.5,0.5,104,389.92068,2035.5,0.61949217,0.93122554,0.39543727
983042,7.5,1,116,438.59161,2380,0.59415293,1.0157676,0.44106463
983043,7.5,1.5,119,426.3558,2227.75,0.60475713,1.0404148,0.45247149
983044,7.5,2,126,436.25284,2162.5,0.59644443,1.092742,0.47908744
983045,7.5,2.5,130,426.89893,1932,0.58950508,1.1381135,0.49429658
983046,7.5,3,134,421.95248,1751.5,0.57288742,1.2110243,0.50950569
983047,7.5,3.5,150,470.97861,1867.5,0.52008951,1.3978783,0.57034218
983048,7.5,4,158,479.18024,1849.5,0.49020398,1.5504555,0.60076046
983049,7.5,4.5,114,282.35529,813.75,0.67800033,1.2242256,0.49137932
983050,7.5,5,102,247.60127,742,0.70568824,1.1070033,0.44155845
983051,7.5,5.5,94,220.84595,677.25,0.73095399,1.0302864,0.41228071
983052,7.5,6,90,213.24028,689.5,0.74681646,0.99367219,0.4017857
983053,7.5,6.5,88,220.67242,776.25,0.75600839,0.97569841,0.39285713
983054,7.5,7,86,232.51123,876,0.76744187,0.95676112,0.38392857
983055,7.5,7.5,84,248.21385,981.75,0.7802639,0.93718928,0.38181818
1048577,8,0.5,109,449.05389,2614.75,0.61943597,0.94488966,0.41444868
1048578,8,1,109,416.02054,2340.75,0.63489634,0.94633389,0.41444868
1048579,8,1.5,115,422.72733,2294.5,0.62364608,0.99335498,0.43726236
1048580,8,2,117,402.91827,2013,0.62525791,1.0148051,0.44486693
1048581,8,2.5,121,401.52689,1869.25,0.60564739,1.0654435,0.46007603
1048582,8,3,120,382.20428,1651,0.59845936,1.0741931,0.45627376
1048583,8,3.5,130,427.79733,1840,0.54048896,1.1776155,0.49429658
1048585,8,4.5,96,233.4366,663.75,0.69956142,1.060719,0.41379312
1048586,8,5,92,218.66074,644.25,0.72551364,1.0266962,0.39655173
1048587,8,5.5,90,213.59244,668,0.73707867,1.0073435,0.38793105
1048588,8,6,86,204.55573,673.75,0.76196992,0.965837,0.37229437
1048589,8,6.5,84,207.95465,725.25,0.77510041,0.9440313,0.36842105
1048590,8,7,82,218.57132,817.5,0.78922009,0.92511421,0.35964912
1048591,8,7.5,81,238.81938,950.75,0.79691356,0.91421098,0.36160713
1114113,8.5,0.5,110,476.32922,2885,0.62785655,0.96413267,0.41825095
1114114,8.5,1,114,469.48688,2768.25,0.62397146,0.98802567,0.43346009
1114115,8.5,1.5,117,452.06696,2513.25,0.62024754,1.0176936,0.44486693
1114116,8.5,2,118,431.29587,2253.5,0.61726785,1.0311655,0.4486692
1114117,8.5,2.5,115,399.20236,1953,0.6225782,1.0035316,0.43726236
1114118,8.5,3,110,368.07642,1707.5,0.62335277,0.97110009,0.41825095
1114119,8.5,3.5,104,364.76981,1732.25,0.62546676,0.88773042,0.39543727
1114121,8.5,4.5,80,220.64796,819.75,0.68544304,0.89314783,0.3041825
1114122,8.5,5,83,198.05182,586.25,0.75139582,0.94546807,0.35775861
1114123,8.5,5.5,85,206.28482,657,0.75574231,0.96382403,0.36637932
1114124,8.5,6,87,222.31915,775.5,0.74766105,0.98038441,0.375
1114125,8.5,6.5,86,231.32698,864.5,0.75786597,0.96842265,0.37068966
1114126,8.5,7,84,241.93341,962.75,0.77395296,0.9473241,0.36363637
1114127,8.5,7.5,84,268.50055,1144.75,0.77510041,0.94431692,0.36842105
1179649,9,0.5,113,528.05408,3366,0.62120736,0.98465198,0.42965779
1179650,9,1,110,468.74344,2808,0.63786489,0.9598875,0.41825095
1179651,9,1.5,113,457.02606,2602,0.63290137,0.98450089,0.42965779
1179652,9,2,107,402.23309,2163.25,0.65561628,0.92647707,0.40684411
1179653,9,2.5,108,397.60068,2058.5,0.6424368,0.93547493,0.41064638
1179654,9,3,96,337.90836,1674.5,0.69364035,0.82072896,0.36501902
1179655,9,3.5,97,366.14914,1851.75,0.6718213,0.81306249,0.36882129
1179657,9,4.5,80,260.45016,1162.75,0.67215192,0.88155788,0.3041825
1179658,9,5,71,168.99947,485.25,0.84305835,0.82713294,0.31004366
1179659,9,5.5,79,198.19147,634.25,0.77766961,0.90642637,0.34051725
1179660,9,6,80,209.87576,735.75,0.78417724,0.91864073,0.34482759
1179661,9,6.5,84,242.0509,943.5,0.76190478,0.95513695,0.36206895
1179662,9,7,83,255.99768,1062.5,0.77196592,0.94442952,0.35775861
1179663,9,7.5,84,286.72388,1277.25,0.76936316,0.95020926,0.36206895
1245185,9.5,0.5,110,537.30579,3484.25,0.63719767,0.95539004,0.41825095
1245186,9.5,1,107,481.9707,2951.75,0.65438193,0.92675805,0.40684411
1245187,9.5,1.5,105,443.75067,2590.25,0.66868132,0.90247631,0.39923954
1245188,9.5,2,105,427.14578,2402.5,0.66172159,0.90430367,0.39923954
1245189,9.5,2.5,98,384.89386,2101,0.69135284,0.83253384,0.37262356
1245190,9.5,3,93,356.14117,1858.25,0.71388501,0.79145211,0.35361215
1245191,9.5,3.5,93,377.00171,1989,0.70546985,0.77112973,0.35361215
1245193,9.5,4.5,80,293.33746,1436,0.67183542,0.87705076,0.3041825
1245194,9.5,5,73,216.12303,841.75,0.78082192,0.83702087,0.27756655
1245195,9.5,5.5,71,186.57536,595.75,0.84305835,0.82713294,0.31004366
1245196,9.5,6,77,216.5379,764.5,0.79425836,0.88640517,0.33333334
1245197,9.5,6.5,78,234.2428,906.5,0.80019981,0.89839315,0.33620688
1245198,9.5,7,80,263.55499,1119.5,0.78417724,0.91864073,0.34482759
1245199,9.5,7.5,82,297.32288,1356.5,0.77747667,0.93353146,0.35344827
