coordinate,angle_deg,angle_rad,muscle,muscle_tendon_length_m,elbow_moment_arm_m
r_elbow_flex,0,0.0,TRIlong,0.277609177,-0.020095289
r_elbow_flex,0,0.0,TRIlat,0.166610488,-0.020095289
r_elbow_flex,0,0.0,TRImed,0.154238292,-0.020095289
r_elbow_flex,0,0.0,BIClong,0.424575382,0.00937993
r_elbow_flex,0,0.0,BICshort,0.341687913,0.00937993
r_elbow_flex,0,0.0,BRA,0.147352687,0.015270221
r_elbow_flex,30,0.523598776,TRIlong,0.289794053,-0.024076046
r_elbow_flex,30,0.523598776,TRIlat,0.178795365,-0.024076046
r_elbow_flex,30,0.523598776,TRImed,0.166423168,-0.024076046
r_elbow_flex,30,0.523598776,BIClong,0.415103812,0.026475495
r_elbow_flex,30,0.523598776,BICshort,0.332216343,0.026475495
r_elbow_flex,30,0.523598776,BRA,0.140013563,0.013069644
r_elbow_flex,60,1.047197551,TRIlong,0.301781717,-0.021220179
r_elbow_flex,60,1.047197551,TRIlat,0.190783028,-0.021220179
r_elbow_flex,60,1.047197551,TRImed,0.178410832,-0.021220179
r_elbow_flex,60,1.047197551,BIClong,0.397375085,0.040542681
r_elbow_flex,60,1.047197551,BICshort,0.314487616,0.040542681
r_elbow_flex,60,1.047197551,BRA,0.132859771,0.01670981
r_elbow_flex,90,1.570796327,TRIlong,0.312262997,-0.019946479
r_elbow_flex,90,1.570796327,TRIlat,0.201264683,-0.01994987
r_elbow_flex,90,1.570796327,TRImed,0.188892487,-0.01994987
r_elbow_flex,90,1.570796327,BIClong,0.373656419,0.048753405
r_elbow_flex,90,1.570796327,BICshort,0.290768951,0.048753405
r_elbow_flex,90,1.570796327,BRA,0.122367456,0.022694054
r_elbow_flex,120,2.094395102,TRIlong,0.322680697,-0.019685379
r_elbow_flex,120,2.094395102,TRIlat,0.211683615,-0.019702853
r_elbow_flex,120,2.094395102,TRImed,0.199311419,-0.019702853
r_elbow_flex,120,2.094395102,BIClong,0.348258242,0.045641839
r_elbow_flex,120,2.094395102,BICshort,0.265370773,0.045641839
r_elbow_flex,120,2.094395102,BRA,0.109989506,0.023546494
