id,xM,yM,zM,radianceR,radianceG,radianceB,illuminanceLux
P001,0.75,0.75,0.8,4.359353,4.244381,4.102787,763.6
P002,2.25,0.75,0.8,6.858707,6.748774,6.615734,1211.7
P003,3.75,0.75,0.8,4.909301,4.786889,4.637663,860.9
P004,5.25,0.75,0.8,6.914519,6.765061,6.572097,1215.8
P005,6.75,0.75,0.8,4.362585,4.262915,4.132089,766.3
P006,8.25,0.75,0.8,5.744136,5.591607,5.388588,1005.8
P007,9.75,0.75,0.8,4.457702,4.358764,4.231881,783.4
P008,11.25,0.75,0.8,5.572258,5.407506,5.19036,973.2
P009,12.75,0.75,0.8,4.375299,4.276781,4.148647,768.7
P010,14.25,0.75,0.8,4.218639,4.097544,3.937883,737.3
P011,15.75,0.75,0.8,4.568102,4.469015,4.345163,803.2
P012,17.25,0.75,0.8,6.612741,6.523988,6.414575,1170.7
P013,0.75,2.25,0.8,1.853044,1.747666,1.615888,316.3
P014,2.25,2.25,0.8,2.156717,2.047156,1.91237,370.1
P015,3.75,2.25,0.8,2.200419,2.089002,1.951844,377.6
P016,5.25,2.25,0.8,2.15574,2.046978,1.909452,370.0
P017,6.75,2.25,0.8,1.400496,1.325635,1.230262,239.7
P018,8.25,2.25,0.8,1.429791,1.350891,1.248361,244.4
P019,9.75,2.25,0.8,1.53568,1.457572,1.358813,263.5
P020,11.25,2.25,0.8,1.679247,1.595869,1.491122,288.4
P021,12.75,2.25,0.8,1.610012,1.524926,1.416212,275.7
P022,14.25,2.25,0.8,1.951592,1.863401,1.752496,336.4
P023,15.75,2.25,0.8,1.908685,1.815598,1.698315,328.0
P024,17.25,2.25,0.8,1.795724,1.704255,1.588997,308.1
P025,0.75,3.75,0.8,1.008355,0.924655,0.817685,168.2
P026,2.25,3.75,0.8,1.106244,1.015817,0.901621,184.8
P027,3.75,3.75,0.8,1.198255,1.11003,0.998403,201.6
P028,5.25,3.75,0.8,1.111948,1.034877,0.93665,187.8
P029,6.75,3.75,0.8,0.665752,0.614858,0.550479,111.7
P030,8.25,3.75,0.8,0.650655,0.605894,0.549064,109.9
P031,9.75,3.75,0.8,0.726909,0.67802,0.616189,123.0
P032,11.25,3.75,0.8,0.628141,0.583696,0.526794,105.9
P033,12.75,3.75,0.8,0.969473,0.893628,0.793046,162.4
P034,14.25,3.75,0.8,0.919153,0.841765,0.736992,153.1
P035,15.75,3.75,0.8,1.154012,1.067383,0.95362,193.8
P036,17.25,3.75,0.8,1.135697,1.04894,0.933972,190.5
P037,0.75,5.25,0.8,0.00791,0.006874,0.005529,1.3
P038,2.25,5.25,0.8,0.017363,0.015163,0.012335,2.8
P039,3.75,5.25,0.8,0.049122,0.043325,0.035775,7.9
P040,5.25,5.25,0.8,0.314209,0.284855,0.247919,52.0
P041,6.75,5.25,0.8,0.32797,0.298269,0.260258,54.4
P042,8.25,5.25,0.8,0.335346,0.307277,0.270632,55.9
P043,9.75,5.25,0.8,0.358845,0.329311,0.291399,59.9
P044,11.25,5.25,0.8,0.366943,0.340486,0.305894,61.8
P045,12.75,5.25,0.8,0.074113,0.065807,0.055063,12.0
P046,14.25,5.25,0.8,0.050842,0.048972,0.046648,8.8
P047,15.75,5.25,0.8,0.019643,0.01737,0.014495,3.2
P048,17.25,5.25,0.8,0.008613,0.007525,0.006143,1.4
P049,0.75,6.75,0.8,0.007834,0.006795,0.005451,1.2
P050,2.25,6.75,0.8,0.01825,0.015932,0.012933,2.9
P051,3.75,6.75,0.8,0.078337,0.069719,0.058428,12.8
P052,5.25,6.75,0.8,0.194645,0.179536,0.160049,32.6
P053,6.75,6.75,0.8,0.317929,0.290669,0.253819,52.9
P054,8.25,6.75,0.8,0.193181,0.17454,0.14948,31.8
P055,9.75,6.75,0.8,0.29599,0.269614,0.233509,49.1
P056,11.25,6.75,0.8,0.295455,0.271505,0.238602,49.4
P057,12.75,6.75,0.8,0.082798,0.075003,0.064486,13.7
P058,14.25,6.75,0.8,0.006316,0.005548,0.004575,1.0
P059,15.75,6.75,0.8,0.037851,0.035595,0.032625,6.4
P060,17.25,6.75,0.8,0.012845,0.01173,0.010283,2.1
P061,0.75,8.25,0.8,0.001528,0.001353,0.001121,0.2
P062,2.25,8.25,0.8,0.003614,0.00321,0.002685,0.6
P063,3.75,8.25,0.8,0.013067,0.011618,0.00977,2.1
P064,5.25,8.25,0.8,0.076563,0.073979,0.070725,13.3
P065,6.75,8.25,0.8,0.017961,0.015985,0.013418,2.9
P066,8.25,8.25,0.8,0.024482,0.02181,0.018372,4.0
P067,9.75,8.25,0.8,0.007483,0.006656,0.005563,1.2
P068,0.75,9.75,0.8,0.001908,0.001682,0.001386,0.3
P069,2.25,9.75,0.8,0.003594,0.0032,0.002682,0.6
P070,3.75,9.75,0.8,0.011013,0.009867,0.008377,1.8
P071,5.25,9.75,0.8,0.031578,0.030075,0.028163,5.4
P072,6.75,9.75,0.8,0.015557,0.013912,0.011762,2.5
P073,8.25,9.75,0.8,0.018112,0.016198,0.013679,3.0
P074,9.75,9.75,0.8,0.009995,0.008944,0.007527,1.6
P075,0.75,11.25,0.8,0.002214,0.001956,0.001616,0.4
P076,2.25,11.25,0.8,0.00507,0.004489,0.003727,0.8
P077,3.75,11.25,0.8,0.020625,0.019629,0.018294,3.5
P078,5.25,11.25,0.8,0.055065,0.054109,0.052791,9.7
P079,6.75,11.25,0.8,0.025502,0.023546,0.020867,4.3
P080,8.25,11.25,0.8,0.039992,0.037605,0.034232,6.8
